{
    "prediction": {
        "src/timing.ts": 0.263495534658432,
        "src/util/timeConverter.ts": 0.259898841381073,
        "src/commands/customToEpochCommand.ts": 0.2584671974182129,
        "src/step/multiStepHandler.ts": 0.2570645213127136,
        "src/commands/commandBase.ts": 0.2540018856525421,
        "src/test/utiltest/timeConverter.test.ts": 0.2511475682258606,
        "src/util/timestampHoverProvider.ts": 0.2496558129787445,
        "src/commands/epochToIsoLocalCommand.ts": 0.248246967792511,
        "src/test/steptest/multiStepHandler.test.ts": 0.24506089091300964,
        "src/commands/nowAsEpochCommand.ts": 0.24347089231014252,
        "src/test/utiltest/timestampHoverProvider.test.ts": 0.24156954884529114,
        "src/commands/epochToCustomCommand.ts": 0.24023157358169556,
        "src/step/quickPickStep.ts": 0.23938652873039246,
        "src/test/commandstest/epochToIsoLocalCommand.test.ts": 0.23804545402526855,
        "src/test/commandstest/commandBase.test.ts": 0.23800551891326904,
        "src/commands/isoRfcToEpochCommand.ts": 0.23598402738571167,
        "src/commands/customToIsoLocalCommand.ts": 0.23511500656604767,
        "src/commands/customToIsoUtcCommand.ts": 0.23500162363052368,
        "src/test/index.ts": 0.23416556417942047,
        "src/test/commandstest/customToIsoLocalCommand.test.ts": 0.2317638099193573,
        "src/test/commandstest/customToIsoUtcCommand.test.ts": 0.23171034455299377,
        "src/test/utiltest/resultBox.test.ts": 0.23164385557174683,
        "src/test/steptest/quickPickStep.test.ts": 0.23145294189453125,
        "src/commands/epochToIsoUtcCommand.ts": 0.23139415681362152,
        "src/test/steptest/inputBoxStep.test.ts": 0.23129624128341675,
        "src/commands/epochToReadableDurationCommand.ts": 0.230736643075943,
        "src/commands/customToCustomCommand.ts": 0.23034420609474182,
        "src/commands/nowAsIsoLocalCommand.ts": 0.22999824583530426,
        "src/commands/nowAsIsoUtcCommand.ts": 0.22997821867465973,
        "src/commands/epochToISODurationCommand.ts": 0.22879241406917572,
        "src/test/commandstest/customToEpochCommand.test.ts": 0.22831976413726807,
        "src/commands/isoRfcToCustomCommand.ts": 0.2282382845878601,
        "src/commands/nowAsCustomCommand.ts": 0.22757412493228912,
        "src/step/inputBoxStep.ts": 0.22728437185287476,
        "src/commands/customCommandBase.ts": 0.22654396295547485,
        "src/test/commandstest/epochToCustomCommand.test.ts": 0.22455531358718872,
        "src/util/durationHoverProvider.ts": 0.22440463304519653,
        "src/test/commandstest/epochToIsoUtcCommand.test.ts": 0.22386881709098816,
        "src/commands/isoDurationToEpoch.ts": 0.22380150854587555,
        "src/test/commandstest/epochToISODurationCommand.test.ts": 0.223691925406456,
        "src/util/resultBox.ts": 0.22274424135684967,
        "src/test/mock/multiStepHandlerMock.ts": 0.22217683494091034,
        "src/test/commandstest/isoRfcToCustomCommand.test.ts": 0.22182896733283997,
        "src/test/commandstest/isoRfcToEpochCommand.test.ts": 0.22164537012577057,
        "src/test/commandstest/nowAsCustomCommand.test.ts": 0.22160457074642181,
        "src/test/commandstest/nowAsEpochCommand.test.ts": 0.22155041992664337,
        "src/test/utiltest/inputDefinition.test.ts": 0.22126969695091248,
        "src/test/utiltest/durationHoverProvider.test.ts": 0.22111201286315918,
        "src/test/commandstest/isoDurationToEpochCommand.test.ts": 0.22100894153118134,
        "src/test/commandstest/epochToReadableDurationCommand.test.ts": 0.22086600959300995,
        "src/test/commandstest/customCommandBase.test.ts": 0.2206794023513794,
        "src/test/commandstest/nowAsIsoLocalCommand.test.ts": 0.2206692099571228,
        "src/test/commandstest/nowAsIsoUtcCommand.test.ts": 0.2206692099571228,
        "src/step/IStep.ts": 0.22032681107521057,
        "src/test/commandstest/toggleInsertConvertedTimeUserLevelCommand.test.ts": 0.22022530436515808,
        "src/util/inputDefinition.ts": 0.22000469267368317,
        "src/test/commandstest/customToCustomCommand.test.ts": 0.21938875317573547,
        "src/util/InputFlowAction.ts": 0.2186667025089264,
        "src/test/mock/extensionContextMock.ts": 0.21846427023410797,
        "src/util/commandOptions.ts": 0.21843823790550232,
        "src/util/constants.ts": 0.21816100180149078,
        "src/commands/toggleInsertConvertedTimeUserLevelCommand.ts": 0.21808558702468872,
        "src/test/mock/timeConverterMock.ts": 0.21792984008789062,
        "src/step/stepResult.ts": 0.21743977069854736,
        "src/test/timing.test.ts": 0.2171899825334549
    },
    "calculation_args": {
        "file_glob": "**/*.ts",
        "directory": "../vscode-timing",
        "contribution": "percentage",
        "decay": null,
        "periods": null,
        "subsystems": null
    }
}