{
    "history_complexity_metric": "full_not_decayed",
    "learning_rate": 6.326530612244898e-07,
    "val_loss": [
        5941.783203125,
        3182.29541015625,
        1705.2435302734375,
        914.4718627929688,
        490.9998474121094,
        264.1379089355469,
        142.54200744628906,
        77.32235717773438,
        42.30778884887695,
        23.485363006591797,
        13.349570274353027,
        7.878711223602295,
        4.916474342346191,
        3.3058085441589355,
        2.4251654148101807,
        1.940159559249878,
        1.6705389022827148,
        1.5188710689544678,
        1.4322994947433472,
        1.3820120096206665,
        1.3522027730941772,
        1.3341295719146729,
        1.3229057788848877,
        1.3157639503479004,
        1.3111114501953125,
        1.308013916015625,
        1.3059117794036865,
        1.3044615983963013,
        1.3034477233886719,
        1.3027312755584717,
        1.3022205829620361,
        1.3018542528152466,
        1.3015899658203125,
        1.3013989925384521,
        1.301260232925415,
        1.301159381866455,
        1.3010858297348022,
        1.301032304763794,
        1.3009932041168213,
        1.3009647130966187,
        1.3009438514709473,
        1.3009285926818848,
        1.3009175062179565,
        1.3009092807769775,
        1.3009033203125,
        1.3008989095687866,
        1.3008958101272583,
        1.3008934259414673,
        1.3008917570114136,
        1.3008904457092285,
        1.3008896112442017,
        1.3008888959884644,
        1.3008884191513062,
        1.3008880615234375,
        1.3008878231048584,
        1.3008875846862793,
        1.3008874654769897,
        1.3008873462677002,
        1.3008872270584106,
        1.3008872270584106,
        1.3008872270584106,
        1.300887107849121,
        1.300887107849121,
        1.300887107849121,
        1.300887107849121,
        1.300887107849121,
        1.300887107849121,
        1.300887107849121,
        1.300887107849121,
        1.300887107849121,
        1.300887107849121,
        1.300887107849121,
        1.300887107849121,
        1.300887107849121,
        1.300887107849121,
        1.300887107849121,
        1.300887107849121,
        1.300887107849121,
        1.300887107849121,
        1.300887107849121,
        1.300887107849121,
        1.300887107849121,
        1.3008869886398315,
        1.3008869886398315,
        1.3008869886398315,
        1.3008869886398315,
        1.3008869886398315,
        1.3008869886398315,
        1.3008869886398315,
        1.3008869886398315,
        1.3008869886398315,
        1.3008869886398315,
        1.3008869886398315,
        1.3008869886398315,
        1.3008869886398315,
        1.3008869886398315,
        1.3008869886398315,
        1.3008869886398315,
        1.3008869886398315,
        1.3008869886398315,
        1.3008869886398315
    ],
    "train_loss": [
        5874.85302734375,
        3143.553466796875,
        1682.3912353515625,
        900.7125854492188,
        482.53839111328125,
        258.8275451660156,
        139.14918518066406,
        75.12490844726562,
        40.873844146728516,
        22.550569534301758,
        12.748149871826172,
        7.504159927368164,
        4.698782444000244,
        3.1979899406433105,
        2.3951120376586914,
        1.9655956029891968,
        1.7358174324035645,
        1.6128931045532227,
        1.5471323728561401,
        1.5119524002075195,
        1.4931321144104004,
        1.4830639362335205,
        1.4776777029037476,
        1.474796175956726,
        1.473254680633545,
        1.4724299907684326,
        1.4719889163970947,
        1.4717528820037842,
        1.47162663936615,
        1.4715590476989746,
        1.4715229272842407,
        1.4715036153793335,
        1.4714932441711426,
        1.4714877605438232,
        1.4714847803115845,
        1.4714831113815308,
        1.471482276916504,
        1.4714818000793457,
        1.4714816808700562,
        1.471481442451477,
        1.4714813232421875,
        1.4714813232421875,
        1.4714813232421875,
        1.4714813232421875,
        1.4714813232421875,
        1.4714813232421875,
        1.4714813232421875,
        1.4714813232421875,
        1.4714813232421875,
        1.471481204032898,
        1.471481204032898,
        1.471481204032898,
        1.4714813232421875,
        1.471481204032898,
        1.4714813232421875,
        1.471481204032898,
        1.4714813232421875,
        1.471481204032898,
        1.471481204032898,
        1.4714813232421875,
        1.4714813232421875,
        1.471481204032898,
        1.471481204032898,
        1.471481204032898,
        1.471481204032898,
        1.471481204032898,
        1.471481204032898,
        1.471481204032898,
        1.471481204032898,
        1.471481204032898,
        1.471481204032898,
        1.471481204032898,
        1.471481204032898,
        1.471481204032898,
        1.471481204032898,
        1.471481204032898,
        1.471481204032898,
        1.471481204032898,
        1.471481204032898,
        1.471481204032898,
        1.471481204032898,
        1.4714810848236084,
        1.4714810848236084,
        1.471481204032898,
        1.471481204032898,
        1.471481204032898,
        1.4714810848236084,
        1.4714810848236084,
        1.4714810848236084,
        1.4714810848236084,
        1.4714810848236084,
        1.4714810848236084,
        1.4714810848236084,
        1.4714810848236084,
        1.4714810848236084,
        1.4714810848236084,
        1.4714810848236084,
        1.4714810848236084,
        1.4714810848236084,
        1.4714810848236084,
        1.4714810848236084
    ],